Bandhan Mutual Fund,https://www.moneycontrol.com/mutual-funds/amc-details/AG
Axis Mutual Fund,https://www.moneycontrol.com/mutual-funds/amc-details/AA
Bank of India Mutual Fund,https://www.moneycontrol.com/mutual-funds/amc-details/BA
Bajaj Finserv Mutual Fund,https://www.moneycontrol.com/mutual-funds/amc-details/BF
Aditya Birla Sun Life Mutual Fund,https://www.moneycontrol.com/mutual-funds/amc-details/BS
Baroda BNP Paribas Mutual Fund,https://www.moneycontrol.com/mutual-funds/amc-details/BO
Canara Robeco Mutual Fund,https://www.moneycontrol.com/mutual-funds/amc-details/CA
DSP Mutual Fund,https://www.moneycontrol.com/mutual-funds/amc-details/DS
Edelweiss Mutual Fund,https://www.moneycontrol.com/mutual-funds/amc-details/EW
Quant Mutual Fund,https://www.moneycontrol.com/mutual-funds/amc-details/ES
HDFC Mutual Fund,https://www.moneycontrol.com/mutual-funds/amc-details/HD
Helios Mutual Fund,https://www.moneycontrol.com/mutual-funds/amc-details/HM
HSBC Mutual Fund,https://www.moneycontrol.com/mutual-funds/amc-details/HS
IDBI Mutual Fund,https://www.moneycontrol.com/mutual-funds/amc-details/IB
IIFCL Mutual Fund (IDF),https://www.moneycontrol.com/mutual-funds/amc-details/IF
360 ONE Mutual Fund (Formerly Known as IIFL Mutual Fund),https://www.moneycontrol.com/mutual-funds/amc-details/II
IL&FS Mutual Fund(IDF),https://www.moneycontrol.com/mutual-funds/amc-details/IL
Groww Mutual Fund,https://www.moneycontrol.com/mutual-funds/amc-details/IM
ITI Mutual Fund,https://www.moneycontrol.com/mutual-funds/amc-details/IT
JM Financial Mutual Fund,https://www.moneycontrol.com/mutual-funds/amc-details/JM
Kotak Mahindra Mutual Fund,https://www.moneycontrol.com/mutual-funds/amc-details/KM
LIC Mutual Fund,https://www.moneycontrol.com/mutual-funds/amc-details/JB
Invesco Mutual Fund,https://www.moneycontrol.com/mutual-funds/amc-details/LI
Mahindra Manulife Mutual Fund,https://www.moneycontrol.com/mutual-funds/amc-details/MH
Mirae Asset Mutual Fund,https://www.moneycontrol.com/mutual-funds/amc-details/MA
Motilal Oswal Mutual Fund,https://www.moneycontrol.com/mutual-funds/amc-details/MO
NJ Mutual Fund,https://www.moneycontrol.com/mutual-funds/amc-details/NJ
Old Bridge Mutual Fund,https://www.moneycontrol.com/mutual-funds/amc-details/OB
Navi Mutual Fund,https://www.moneycontrol.com/mutual-funds/amc-details/PM
PGIM India Mutual Fund,https://www.moneycontrol.com/mutual-funds/amc-details/PA
PPFAS Mutual Fund,https://www.moneycontrol.com/mutual-funds/amc-details/PP
ICICI Prudential Mutual Fund,https://www.moneycontrol.com/mutual-funds/amc-details/PI
Quantum Mutual Fund,https://www.moneycontrol.com/mutual-funds/amc-details/QU
Nippon India Mutual Fund,https://www.moneycontrol.com/mutual-funds/amc-details/RC
Samco Mutual Fund,https://www.moneycontrol.com/mutual-funds/amc-details/SA
SBI Mutual Fund,https://www.moneycontrol.com/mutual-funds/amc-details/SB
Shriram Mutual Fund,https://www.moneycontrol.com/mutual-funds/amc-details/SR
Daiwa Mutual Fund,https://www.moneycontrol.com/mutual-funds/amc-details/SM
SUN F&C Mutual Fund,https://www.moneycontrol.com/mutual-funds/amc-details/SU
Sundaram Mutual Fund,https://www.moneycontrol.com/mutual-funds/amc-details/SN
Tata Mutual Fund,https://www.moneycontrol.com/mutual-funds/amc-details/TA
Taurus Mutual Fund,https://www.moneycontrol.com/mutual-funds/amc-details/CM
Franklin Templeton Mutual Fund,https://www.moneycontrol.com/mutual-funds/amc-details/TE
Trust Mutual Fund,https://www.moneycontrol.com/mutual-funds/amc-details/TR
Union Mutual Fund,https://www.moneycontrol.com/mutual-funds/amc-details/UK
UTI Mutual Fund,https://www.moneycontrol.com/mutual-funds/amc-details/UT
WhiteOak Capital Mutual Fund,https://www.moneycontrol.com/mutual-funds/amc-details/YM
Zerodha Mutual Fund,https://www.moneycontrol.com/mutual-funds/amc-details/ZM
Zurich India Mutual Fund,https://www.moneycontrol.com/mutual-funds/amc-details/ZU
